{
  "vdiff_v": [
    -2.0,
    -1.96,
    -1.92,
    -1.88,
    -1.84,
    -1.8,
    -1.76,
    -1.72,
    -1.68,
    -1.6400000000000001,
    -1.6,
    -1.56,
    -1.52,
    -1.48,
    -1.44,
    -1.4,
    -1.3599999999999999,
    -1.3199999999999998,
    -1.28,
    -1.24,
    -1.2,
    -1.1600000000000001,
    -1.12,
    -1.08,
    -1.04,
    -1.0,
    -0.96,
    -0.9199999999999999,
    -0.8799999999999999,
    -0.8400000000000001,
    -0.8,
    -0.76,
    -0.72,
    -0.6799999999999999,
    -0.6399999999999999,
    -0.5999999999999999,
    -0.56,
    -0.52,
    -0.48,
    -0.43999999999999995,
    -0.3999999999999999,
    -0.3599999999999999,
    -0.32000000000000006,
    -0.28,
    -0.24,
    -0.19999999999999996,
    -0.15999999999999992,
    -0.11999999999999988,
    -0.08000000000000007,
    -0.040000000000000036,
    0.0,
    0.040000000000000036,
    0.08000000000000007,
    0.1200000000000001,
    0.16000000000000014,
    0.20000000000000018,
    0.2400000000000002,
    0.28000000000000025,
    0.31999999999999984,
    0.3599999999999999,
    0.3999999999999999,
    0.43999999999999995,
    0.48,
    0.52,
    0.56,
    0.6000000000000001,
    0.6400000000000001,
    0.6800000000000002,
    0.7200000000000002,
    0.7600000000000002,
    0.8000000000000003,
    0.8399999999999999,
    0.8799999999999999,
    0.9199999999999999,
    0.96,
    1.0,
    1.04,
    1.08,
    1.12,
    1.1600000000000001,
    1.2000000000000002,
    1.2400000000000002,
    1.2800000000000002,
    1.3200000000000003,
    1.3599999999999999,
    1.4,
    1.44,
    1.48,
    1.52,
    1.56,
    1.6,
    1.6400000000000001,
    1.6800000000000002,
    1.7200000000000002,
    1.7600000000000002,
    1.8000000000000003,
    1.8399999999999999,
    1.88,
    1.92,
    1.96,
    2.0
  ],
  "transmission": [
    0.2907099531126487,
    0.30405695709982633,
    0.3175710241524125,
    0.33124063204104515,
    0.3450541259086496,
    0.35899972823142,
    0.37306554884454923,
    0.38723959508387085,
    0.4015097820151075,
    0.4158639427209296,
    0.43028983869957593,
    0.44786674862201115,
    0.46550905552184185,
    0.4831946285488415,
    0.5009012825661743,
    0.5186068059947015,
    0.5362889886777801,
    0.5539256497378484,
    0.5714946653963182,
    0.5889739967282661,
    0.6063417173231634,
    0.6264094670708836,
    0.6462619208559635,
    0.665865266708086,
    0.6851861169284181,
    0.704191564956258,
    0.7228492414083765,
    0.7411273692134657,
    0.7589948177373539,
    0.7764211557977962,
    0.7933767034956921,
    0.8116456081326253,
    0.8292580281801777,
    0.8461768629061476,
    0.8623664726099368,
    0.8777927537230149,
    0.8924232106270701,
    0.9062270241160241,
    0.9191751163240167,
    0.9312402119606936,
    0.9423968957860711,
    0.9531669494456939,
    0.9628723701454711,
    0.9714903567739445,
    0.9790006629428988,
    0.985385644561639,
    0.9906303012823076,
    0.9947223117420715,
    0.9976520625103268,
    0.9994126706718418,
    1.0,
    0.9994126706718418,
    0.9976520625103268,
    0.9947223117420715,
    0.9906303012823076,
    0.985385644561639,
    0.9790006629428988,
    0.9714903567739445,
    0.9628723701454711,
    0.9531669494456939,
    0.9423968957860711,
    0.9312402119606936,
    0.9191751163240167,
    0.9062270241160241,
    0.8924232106270701,
    0.8777927537230149,
    0.8623664726099368,
    0.8461768629061476,
    0.8292580281801777,
    0.8116456081326253,
    0.7933767034956921,
    0.7764211557977962,
    0.7589948177373539,
    0.7411273692134657,
    0.7228492414083765,
    0.704191564956258,
    0.6851861169284181,
    0.665865266708086,
    0.6462619208559635,
    0.6264094670708836,
    0.6063417173231634,
    0.5889739967282661,
    0.5714946653963182,
    0.5539256497378484,
    0.5362889886777801,
    0.5186068059947015,
    0.5009012825661743,
    0.4831946285488415,
    0.46550905552184185,
    0.44786674862201115,
    0.43028983869957593,
    0.4158639427209296,
    0.4015097820151075,
    0.38723959508387085,
    0.37306554884454923,
    0.35899972823142,
    0.3450541259086496,
    0.33124063204104515,
    0.3175710241524125,
    0.30405695709982633,
    0.2907099531126487
  ],
  "t_min": 0.2907099531126487,
  "t_max": 1.0,
  "extinction_db": 5.365400989213384,
  "rc_f3db_hz": 5631391776.046952
}