{
  "wavelength_um": 1.31,
  "length_um": 2000.0,
  "voltage_grid": [
    -2.0,
    -1.0,
    0.0,
    1.0,
    2.0
  ],
  "neff_grid_real": [
    3.477805693876692,
    3.4777156938766924,
    3.4776356938766924,
    3.4775556938766923,
    3.4774656938766926
  ],
  "neff_grid_imag": [
    0.046051116739580934,
    0.023025558369790467,
    0.011512779184895234,
    0.023025558369790467,
    0.046051116739580934
  ],
  "loss_grid_db_per_cm": [
    0.4,
    0.2,
    0.1,
    0.2,
    0.4
  ],
  "c_per_m": 6.6e-10,
  "r_per_m": 13700.0
}