{
  "wavelength_um": 1.31,
  "length_um": 2000.0,
  "voltage_grid": [
    -2.0,
    -1.8,
    -1.6,
    -1.4,
    -1.2,
    -1.0,
    -0.7999999999999998,
    -0.5999999999999999,
    -0.3999999999999999,
    -0.19999999999999996,
    0.0,
    0.20000000000000018,
    0.40000000000000036,
    0.6000000000000001,
    0.8000000000000003,
    1.0,
    1.2000000000000002,
    1.4000000000000004,
    1.6,
    1.8000000000000003,
    2.0
  ],
  "neff_grid_real": [
    3.4777781536468355,
    3.477774181559517,
    3.4777688133109557,
    3.4777616435754837,
    3.4777522177825704,
    3.4777400799306157,
    3.4777248596673473,
    3.47770639780177,
    3.4776848853255515,
    3.477660960359887,
    3.4776356938767092,
    3.4776104273935315,
    3.477586502427867,
    3.4775649899516483,
    3.477546528086071,
    3.4775313078228027,
    3.477519169970848,
    3.477509744177935,
    3.477502574442463,
    3.4774972061939016,
    3.477493234106583
  ],
  "neff_grid_imag": [
    0.04341462025217234,
    0.04220412649391791,
    0.040568152544989876,
    0.03838317539284858,
    0.03551066465140281,
    0.031811653816078596,
    0.027173278018179082,
    0.021547023795798287,
    0.014991095866948178,
    0.007699961689439888,
    0.0,
    0.0076999616894398975,
    0.014991095866948197,
    0.021547023795798294,
    0.027173278018179103,
    0.031811653816078596,
    0.03551066465140281,
    0.03838317539284858,
    0.040568152544989876,
    0.04220412649391791,
    0.04341462025217234
  ],
  "loss_grid_db_per_cm": [
    0.3770993915103689,
    0.36658504272617093,
    0.3523749730057821,
    0.33339626146228274,
    0.3084456331620848,
    0.2763160250464587,
    0.2360270928659035,
    0.18715744869030393,
    0.13021265870031187,
    0.06688186723447487,
    0.0,
    0.06688186723447495,
    0.13021265870031204,
    0.18715744869030398,
    0.23602709286590368,
    0.2763160250464587,
    0.30844563316208484,
    0.33339626146228274,
    0.3523749730057821,
    0.36658504272617093,
    0.3770993915103689
  ],
  "c_per_m": 5.766728784382097e-10,
  "r_per_m": 12252.222401873045
}